﻿<?xml version="1.0" encoding="utf-8"?>
<Roots >
  <Roots.Interfaces>
    <RootInterface FullName="Windows.UI.Xaml.Data.IValueConverter" />
  </Roots.Interfaces>
  <Roots.PropertyPathNames>
    <RootPropertyPathName Name="ForegroundFocusBrush" />
    <RootPropertyPathName Name="BackgroundFocusBrush" />
    <RootPropertyPathName Name="PlaceholderForegroundFocusBrush" />
    <RootPropertyPathName Name="PlaceholderForegroundBrush" />
    <RootPropertyPathName Name="TextAlignment" />
    <RootPropertyPathName Name="TemplateSettings" />
    <RootPropertyPathName Name="ClipRect" />
    <RootPropertyPathName Name="CompactVerticalDelta" />
    <RootPropertyPathName Name="CommandBarTemplateSettings" />
    <RootPropertyPathName Name="NegativeOverflowContentHeight" />
    <RootPropertyPathName Name="ContentHeight" />
    <RootPropertyPathName Name="HiddenVerticalDelta" />
    <RootPropertyPathName Name="OverflowContentClipRect" />
    <RootPropertyPathName Name="OverflowContentHeight" />
    <RootPropertyPathName Name="MinimalVerticalDelta" />
    <RootPropertyPathName Name="OverflowContentMaxHeight" />
    <RootPropertyPathName Name="OverflowContentMinWidth" />
    <RootPropertyPathName Name="OverflowContentHorizontalOffset" />
    <RootPropertyPathName Name="IsPaneOpen" />
    <RootPropertyPathName Name="Master" />
    <RootPropertyPathName Name="Detail" />
    <RootPropertyPathName Name="Title" />
    <RootPropertyPathName Name="IsEnabled" />
    <RootPropertyPathName Name="Text" />
    <RootPropertyPathName Name="HorizontalTextAlignment" />
    <RootPropertyPathName Name="Placeholder" />
    <RootPropertyPathName Name="Keyboard" />
    <RootPropertyPathName Name="Label" />
    <RootPropertyPathName Name="LabelColor" />
    <RootPropertyPathName Name="On" />
    <RootPropertyPathName Name="DetailColor" />
    <RootPropertyPathName Name="TextColor" />
    <RootPropertyPathName Name="ImageSource" />
    <RootPropertyPathName Name="Value" />
    <RootPropertyPathName Name="ToolbarBackground" />
    <RootPropertyPathName Name="ToolbarForeground" />
    <RootPropertyPathName Name="Cell" />
    <RootPropertyPathName Name="RenderHeight" />
    <RootPropertyPathName Name="View" />
  </Roots.PropertyPathNames>
  <Roots.RootTypes>
    <RootType FullName="Windows.UI.Xaml.ResourceDictionary">
      <RootProperty Name="MergedDictionaries" />
      <RootProperty Name="Source" />
    </RootType>
    <RootType FullName="Windows.UI.Xaml.Controls.AutoSuggestBox">
      <RootProperty Name="TextBoxStyle" />
    </RootType>
    <RootType FullName="Windows.UI.Xaml.FrameworkElement">
      <RootProperty Name="VerticalAlignment" />
      <RootProperty Name="MinWidth" />
      <RootProperty Name="MinHeight" />
      <RootProperty Name="HorizontalAlignment" />
      <RootProperty Name="Width" />
      <RootProperty Name="Height" />
      <RootProperty Name="Margin" />
    </RootType>
    <RootType FullName="Windows.UI.Xaml.Controls.Control">
      <RootProperty Name="IsTabStop" />
      <RootProperty Name="Template" />
      <RootProperty Name="Foreground" />
      <RootProperty Name="Background" />
      <RootProperty Name="BorderBrush" />
      <RootProperty Name="BorderThickness" />
      <RootProperty Name="FontFamily" />
      <RootProperty Name="FontSize" />
      <RootProperty Name="Padding" />
      <RootProperty Name="HorizontalContentAlignment" />
      <RootProperty Name="VerticalContentAlignment" />
      <RootProperty Name="FontWeight" />
      <RootProperty Name="UseSystemFocusVisuals" />
      <RootProperty Name="TabNavigation" />
    </RootType>
    <RootType FullName="Xamarin.Forms.Platform.UWP.FormsTextBox">
      <RootProperty Name="ForegroundFocusBrush" />
      <RootProperty Name="PlaceholderForegroundBrush" />
      <RootProperty Name="PlaceholderForegroundFocusBrush" />
      <RootProperty Name="BackgroundFocusBrush" />
      <RootProperty Name="Style" />
      <RootProperty Name="FontFamily" />
      <RootProperty Name="FontSize" />
      <RootProperty Name="FontStyle" />
      <RootProperty Name="PlaceholderText" />
      <RootProperty Name="Header" />
      <RootProperty Name="Width" />
      <RootProperty Name="Margin" />
      <RootProperty Name="DesiredCandidateWindowAlignment" />
    </RootType>
    <RootType FullName="Windows.UI.Xaml.Controls.TextBox">
      <RootProperty Name="SelectionHighlightColor" />
    </RootType>
    <RootType FullName="Windows.UI.Xaml.Controls.ScrollViewer">
      <RootProperty Name="HorizontalScrollMode" />
      <RootProperty Name="HorizontalScrollBarVisibility" />
      <RootProperty Name="VerticalScrollMode" />
      <RootProperty Name="VerticalScrollBarVisibility" />
      <RootProperty Name="IsHorizontalRailEnabled" />
      <RootProperty Name="IsVerticalRailEnabled" />
      <RootProperty Name="IsDeferredScrollingEnabled" />
      <RootProperty Name="Margin" />
      <RootProperty Name="Padding" />
      <RootProperty Name="IsTabStop" />
      <RootProperty Name="ZoomMode" />
      <RootProperty Name="Content" />
      <RootProperty Name="BringIntoViewOnFocusChange" />
      <RootProperty Name="HorizontalSnapPointsAlignment" />
      <RootProperty Name="HorizontalSnapPointsType" />
      <RootProperty Name="Template" />
      <RootProperty Name="VerticalSnapPointsType" />
      <RootProperty Name="VerticalContentAlignment" />
      <RootMethod Name="GetHorizontalScrollBarVisibility" />
      <RootMethod Name="SetHorizontalScrollBarVisibility" />
      <RootMethod Name="GetVerticalScrollBarVisibility" />
      <RootMethod Name="SetVerticalScrollBarVisibility" />
      <RootMethod Name="GetIsDeferredScrollingEnabled" />
      <RootMethod Name="SetIsDeferredScrollingEnabled" />
      <RootMethod Name="GetBringIntoViewOnFocusChange" />
      <RootMethod Name="SetBringIntoViewOnFocusChange" />
    </RootType>
    <RootType FullName="Windows.UI.Xaml.Setter">
      <RootProperty Name="Property" />
      <RootProperty Name="Value" />
    </RootType>
    <RootType FullName="Windows.UI.Xaml.Controls.ControlTemplate">
      <RootProperty Name="TargetType" />
      <RootProperty Name="Template" />
    </RootType>
    <RootType FullName="Windows.UI.Xaml.Controls.Grid">
      <RootProperty Name="Resources" />
      <RootProperty Name="ColumnDefinitions" />
      <RootProperty Name="RowDefinitions" />
      <RootProperty Name="Children" />
      <RootProperty Name="Background" />
      <RootProperty Name="Clip" />
      <RootProperty Name="Height" />
      <RootProperty Name="Margin" />
      <RootProperty Name="Opacity" />
      <RootProperty Name="VerticalAlignment" />
      <RootProperty Name="RenderTransform" />
      <RootProperty Name="MaxHeight" />
      <RootProperty Name="MinWidth" />
      <RootProperty Name="BorderBrush" />
      <RootProperty Name="BorderThickness" />
      <RootProperty Name="HorizontalAlignment" />
      <RootProperty Name="Name" />
      <RootMethod Name="GetRow" />
      <RootMethod Name="SetRow" />
      <RootMethod Name="GetColumnSpan" />
      <RootMethod Name="SetColumnSpan" />
      <RootMethod Name="GetRowSpan" />
      <RootMethod Name="SetRowSpan" />
      <RootMethod Name="GetColumn" />
      <RootMethod Name="SetColumn" />
    </RootType>
    <RootType FullName="Windows.UI.Xaml.VisualStateManager">
      <RootMethod Name="GetVisualStateGroups" />
    </RootType>
    <RootType FullName="Windows.UI.Xaml.Controls.Button">
      <RootProperty Name="Style" />
      <RootProperty Name="BorderThickness" />
      <RootProperty Name="Margin" />
      <RootProperty Name="IsTabStop" />
      <RootProperty Name="Visibility" />
      <RootProperty Name="FontSize" />
      <RootProperty Name="MinWidth" />
      <RootProperty Name="VerticalAlignment" />
      <RootProperty Name="Foreground" />
      <RootProperty Name="MinHeight" />
      <RootProperty Name="Padding" />
      <RootProperty Name="Content" />
      <RootProperty Name="Name" />
      <RootProperty Name="Background" />
      <RootProperty Name="HorizontalAlignment" />
      <RootProperty Name="Height" />
      <RootProperty Name="IsEnabled" />
      <RootProperty Name="Opacity" />
      <RootProperty Name="Template" />
      <RootProperty Name="UseSystemFocusVisuals" />
      <RootProperty Name="Width" />
    </RootType>
    <RootType FullName="Windows.UI.Xaml.VisualStateGroup">
      <RootProperty Name="States" />
      <RootProperty Name="Transitions" />
    </RootType>
    <RootType FullName="Windows.UI.Xaml.VisualState">
      <RootProperty Name="Storyboard" />
    </RootType>
    <RootType FullName="Windows.UI.Xaml.Media.Animation.Storyboard">
      <RootProperty Name="Children" />
      <RootMethod Name="GetTargetName" />
      <RootMethod Name="SetTargetName" />
      <RootMethod Name="GetTargetProperty" />
      <RootMethod Name="SetTargetProperty" />
    </RootType>
    <RootType FullName="Windows.UI.Xaml.Media.Animation.DoubleAnimation">
      <RootProperty Name="To" />
      <RootProperty Name="Duration" />
    </RootType>
    <RootType FullName="Windows.UI.Xaml.Media.Animation.ObjectAnimationUsingKeyFrames">
      <RootProperty Name="KeyFrames" />
    </RootType>
    <RootType FullName="Windows.UI.Xaml.Media.Animation.DiscreteObjectKeyFrame">
      <RootProperty Name="KeyTime" />
      <RootProperty Name="Value" />
    </RootType>
    <RootType FullName="Microsoft.Xaml.DirectUI.ProxyTypes.ThemeResourceExtension" />
    <RootType FullName="Windows.UI.Xaml.Controls.Border">
      <RootProperty Name="BorderBrush" />
      <RootProperty Name="BorderThickness" />
      <RootProperty Name="Background" />
      <RootProperty Name="Child" />
      <RootProperty Name="Margin" />
      <RootProperty Name="Opacity" />
      <RootProperty Name="RenderTransform" />
      <RootProperty Name="HorizontalAlignment" />
      <RootProperty Name="Height" />
      <RootProperty Name="Visibility" />
      <RootProperty Name="Padding" />
      <RootProperty Name="MinHeight" />
      <RootProperty Name="MinWidth" />
      <RootProperty Name="FlowDirection" />
      <RootProperty Name="MaxWidth" />
      <RootProperty Name="MaxHeight" />
    </RootType>
    <RootType FullName="Microsoft.Xaml.DirectUI.ProxyTypes.TemplateBindingExtension" />
    <RootType FullName="Windows.UI.Xaml.Controls.ContentPresenter">
      <RootProperty Name="Content" />
      <RootProperty Name="ContentTransitions" />
      <RootProperty Name="ContentTemplate" />
      <RootProperty Name="Margin" />
      <RootProperty Name="HorizontalAlignment" />
      <RootProperty Name="VerticalAlignment" />
      <RootProperty Name="Visibility" />
      <RootProperty Name="Foreground" />
      <RootProperty Name="FontWeight" />
      <RootProperty Name="TextWrapping" />
      <RootProperty Name="BorderBrush" />
      <RootProperty Name="BorderThickness" />
      <RootProperty Name="Background" />
      <RootProperty Name="HorizontalContentAlignment" />
      <RootProperty Name="Padding" />
      <RootProperty Name="VerticalContentAlignment" />
      <RootProperty Name="Resources" />
      <RootProperty Name="Height" />
      <RootProperty Name="FontSize" />
      <RootProperty Name="FontFamily" />
      <RootProperty Name="MaxLines" />
    </RootType>
    <RootType FullName="Windows.UI.Xaml.Automation.AutomationProperties">
      <RootMethod Name="GetAccessibilityView" />
      <RootMethod Name="SetAccessibilityView" />
    </RootType>
    <RootType FullName="Windows.UI.Xaml.Controls.TextBlock">
      <RootProperty Name="Foreground" />
      <RootProperty Name="VerticalAlignment" />
      <RootProperty Name="HorizontalAlignment" />
      <RootProperty Name="FontStyle" />
      <RootProperty Name="FontSize" />
      <RootProperty Name="Text" />
      <RootProperty Name="FontFamily" />
      <RootProperty Name="Margin" />
      <RootProperty Name="Style" />
      <RootProperty Name="Visibility" />
      <RootProperty Name="TextWrapping" />
      <RootProperty Name="FontWeight" />
      <RootProperty Name="Padding" />
      <RootProperty Name="Name" />
    </RootType>
    <RootType FullName="Windows.UI.Xaml.Visibility" />
    <RootType FullName="Windows.UI.Xaml.Data.Binding">
      <RootProperty Name="RelativeSource" />
      <RootProperty Name="Converter" />
      <RootProperty Name="Mode" />
      <RootProperty Name="Path" />
      <RootProperty Name="UpdateSourceTrigger" />
      <RootProperty Name="ConverterParameter" />
    </RootType>
    <RootType FullName="Windows.UI.Xaml.Data.RelativeSource">
      <RootProperty Name="Mode" />
    </RootType>
    <RootType FullName="Windows.UI.Xaml.Controls.ColumnDefinition">
      <RootProperty Name="Width" />
    </RootType>
    <RootType FullName="Windows.UI.Xaml.Controls.RowDefinition">
      <RootProperty Name="Height" />
    </RootType>
    <RootType FullName="Windows.UI.Xaml.Controls.ContentControl">
      <RootProperty Name="Foreground" />
      <RootProperty Name="Margin" />
      <RootProperty Name="Padding" />
      <RootProperty Name="IsTabStop" />
      <RootProperty Name="Content" />
      <RootProperty Name="FontFamily" />
      <RootProperty Name="FontSize" />
      <RootProperty Name="FontStyle" />
      <RootProperty Name="IsHitTestVisible" />
      <RootProperty Name="HorizontalAlignment" />
      <RootProperty Name="ContentTemplate" />
      <RootProperty Name="ContentTransitions" />
      <RootProperty Name="HorizontalContentAlignment" />
      <RootProperty Name="VerticalAlignment" />
      <RootProperty Name="VerticalContentAlignment" />
      <RootProperty Name="DataContext" />
      <RootProperty Name="FontWeight" />
      <RootProperty Name="MaxHeight" />
      <RootProperty Name="Template" />
      <RootProperty Name="UseSystemFocusVisuals" />
      <RootProperty Name="Clip" />
    </RootType>
    <RootType FullName="Microsoft.Xaml.DirectUI.ProxyTypes.StaticResourceExtension" />
    <RootType FullName="Windows.UI.Xaml.Controls.Canvas">
      <RootMethod Name="GetZIndex" />
      <RootMethod Name="SetZIndex" />
    </RootType>
    <RootType FullName="Windows.UI.Xaml.Controls.Primitives.Popup">
      <RootProperty Name="Child" />
      <RootProperty Name="RenderTransform" />
    </RootType>
    <RootType FullName="Windows.UI.Xaml.Media.TranslateTransform">
      <RootProperty Name="Y" />
      <RootProperty Name="X" />
    </RootType>
    <RootType FullName="Windows.UI.Xaml.Controls.ListView">
      <RootProperty Name="Background" />
      <RootProperty Name="BorderThickness" />
      <RootProperty Name="BorderBrush" />
      <RootProperty Name="DisplayMemberPath" />
      <RootProperty Name="IsItemClickEnabled" />
      <RootProperty Name="ItemTemplate" />
      <RootProperty Name="ItemTemplateSelector" />
      <RootProperty Name="ItemContainerStyle" />
      <RootProperty Name="MaxHeight" />
      <RootProperty Name="Margin" />
      <RootProperty Name="ItemContainerTransitions" />
    </RootType>
    <RootType FullName="Windows.UI.Xaml.Media.Animation.TransitionCollection" />
    <RootType FullName="Xamarin.Forms.Platform.UWP.FormsCommandBar">
      <RootProperty Name="Background" />
      <RootProperty Name="MinHeight" />
      <RootProperty Name="Content" />
    </RootType>
    <RootType FullName="Windows.UI.Xaml.Controls.AppBar">
      <RootProperty Name="ClosedDisplayMode" />
    </RootType>
    <RootType FullName="Windows.UI.Xaml.Media.RectangleGeometry">
      <RootProperty Name="Rect" />
      <RootProperty Name="Transform" />
    </RootType>
    <RootType FullName="Windows.UI.Xaml.VisualTransition">
      <RootProperty Name="From" />
      <RootProperty Name="GeneratedDuration" />
      <RootProperty Name="To" />
      <RootProperty Name="Storyboard" />
    </RootType>
    <RootType FullName="Windows.UI.Xaml.Media.Animation.DoubleAnimationUsingKeyFrames">
      <RootProperty Name="KeyFrames" />
    </RootType>
    <RootType FullName="Windows.UI.Xaml.Media.Animation.DiscreteDoubleKeyFrame">
      <RootProperty Name="KeyTime" />
      <RootProperty Name="Value" />
    </RootType>
    <RootType FullName="Windows.UI.Xaml.Media.Animation.SplineDoubleKeyFrame">
      <RootProperty Name="KeySpline" />
      <RootProperty Name="KeyTime" />
      <RootProperty Name="Value" />
    </RootType>
    <RootType FullName="Windows.UI.Xaml.Shapes.Rectangle">
      <RootProperty Name="Stroke" />
      <RootProperty Name="StrokeThickness" />
      <RootProperty Name="Visibility" />
      <RootProperty Name="VerticalAlignment" />
    </RootType>
    <RootType FullName="Windows.UI.Xaml.Controls.CommandBarOverflowPresenter">
      <RootProperty Name="IsTabStop" />
      <RootProperty Name="IsEnabled" />
      <RootProperty Name="Style" />
      <RootProperty Name="ItemContainerStyle" />
      <RootProperty Name="RenderTransform" />
    </RootType>
    <RootType FullName="Windows.UI.Xaml.Controls.FontIcon">
      <RootProperty Name="FontSize" />
      <RootProperty Name="FontFamily" />
      <RootProperty Name="Glyph" />
      <RootProperty Name="Height" />
      <RootProperty Name="VerticalAlignment" />
      <RootProperty Name="Foreground" />
      <RootProperty Name="HorizontalAlignment" />
      <RootProperty Name="MirroredWhenRightToLeft" />
      <RootProperty Name="UseLayoutRounding" />
    </RootType>
    <RootType FullName="Windows.UI.Xaml.Controls.ItemsControl">
      <RootProperty Name="HorizontalAlignment" />
      <RootProperty Name="IsTabStop" />
      <RootProperty Name="MinHeight" />
      <RootProperty Name="ItemsPanel" />
      <RootProperty Name="ItemContainerStyle" />
      <RootProperty Name="ItemTemplate" />
    </RootType>
    <RootType FullName="Windows.UI.Xaml.Controls.ItemsPanelTemplate">
      <RootProperty Name="Template" />
    </RootType>
    <RootType FullName="Windows.UI.Xaml.Controls.StackPanel">
      <RootProperty Name="Orientation" />
      <RootProperty Name="Visibility" />
      <RootProperty Name="Background" />
      <RootProperty Name="Children" />
      <RootProperty Name="VerticalAlignment" />
    </RootType>
    <RootType FullName="Xamarin.Forms.Platform.UWP.TextAlignmentToHorizontalAlignmentConverter" />
    <RootType FullName="Xamarin.Forms.Platform.UWP.MasterDetailControl">
      <RootProperty Name="ToolbarForeground" />
    </RootType>
    <RootType FullName="Windows.UI.Xaml.Controls.SplitView">
      <RootProperty Name="IsPaneOpen" />
      <RootProperty Name="DisplayMode" />
      <RootProperty Name="Pane" />
      <RootProperty Name="Content" />
    </RootType>
    <RootType FullName="Xamarin.Forms.Platform.UWP.PageControl">
      <RootProperty Name="ContentMargin" />
      <RootProperty Name="TitleBrush" />
    </RootType>
    <RootType FullName="Xamarin.Forms.Platform.UWP.FormsPresenter">
      <RootProperty Name="Margin" />
      <RootProperty Name="ContentTransitions" />
      <RootProperty Name="Content" />
      <RootProperty Name="ContentTemplate" />
    </RootType>
    <RootType FullName="Xamarin.Forms.Platform.UWP.CaseConverter">
      <RootProperty Name="ConvertToUpper" />
    </RootType>
    <RootType FullName="Xamarin.Forms.Platform.UWP.HeightConverter" />
    <RootType FullName="Xamarin.Forms.Platform.UWP.CollapseWhenEmptyConverter" />
    <RootType FullName="Xamarin.Forms.Platform.UWP.BoolToVisibilityConverter">
      <RootProperty Name="FalseIsVisible" />
    </RootType>
    <RootType FullName="Xamarin.Forms.Platform.UWP.PageToRenderedElementConverter" />
    <RootType FullName="Xamarin.Forms.Platform.UWP.ImageConverter" />
    <RootType FullName="Xamarin.Forms.Platform.UWP.ViewToRendererConverter" />
    <RootType FullName="Xamarin.Forms.Platform.UWP.ColorConverter" />
    <RootType FullName="Xamarin.Forms.Platform.UWP.HorizontalTextAlignmentConverter" />
    <RootType FullName="Xamarin.Forms.Platform.UWP.KeyboardConverter" />
    <RootType FullName="Xamarin.Forms.Platform.UWP.MasterBackgroundConverter" />
    <RootType FullName="System.Double" />
    <RootType FullName="Windows.UI.Xaml.DataTemplate">
      <RootProperty Name="Template" />
    </RootType>
    <RootType FullName="Windows.UI.Xaml.Controls.Panel">
      <RootProperty Name="Background" />
    </RootType>
    <RootType FullName="Windows.UI.Xaml.Controls.ContentDialog" />
    <RootType FullName="Windows.UI.Xaml.Controls.ListViewBase">
      <RootProperty Name="SelectionMode" />
    </RootType>
    <RootType FullName="Windows.UI.Xaml.Controls.GridView" />
    <RootType FullName="Xamarin.Forms.Platform.UWP.ListViewGroupStyleSelector" />
    <RootType FullName="Windows.UI.Xaml.Controls.GroupStyle">
      <RootProperty Name="HidesIfEmpty" />
      <RootProperty Name="HeaderContainerStyle" />
      <RootProperty Name="HeaderTemplate" />
    </RootType>
    <RootType FullName="Windows.UI.Xaml.Media.SolidColorBrush">
      <RootProperty Name="Color" />
    </RootType>
    <RootType FullName="Windows.UI.Xaml.Controls.ListViewItem" />
    <RootType FullName="Windows.UI.Xaml.UIElement">
      <RootProperty Name="IsHoldingEnabled" />
    </RootType>
    <RootType FullName="Windows.UI.Xaml.Controls.FlipViewItem" />
    <RootType FullName="Xamarin.Forms.Platform.UWP.StepperControl" />
    <RootType FullName="Windows.UI.Xaml.Controls.ToggleSwitch">
      <RootProperty Name="IsOn" />
      <RootProperty Name="OnContent" />
      <RootProperty Name="OffContent" />
      <RootProperty Name="VerticalAlignment" />
    </RootType>
    <RootType FullName="Xamarin.Forms.Platform.UWP.EntryCellTextBox">
      <RootProperty Name="IsEnabled" />
      <RootProperty Name="Header" />
      <RootProperty Name="Text" />
      <RootProperty Name="TextAlignment" />
      <RootProperty Name="PlaceholderText" />
      <RootProperty Name="InputScope" />
      <RootProperty Name="HorizontalAlignment" />
      <RootProperty Name="HeaderTemplate" />
    </RootType>
    <RootType FullName="Windows.UI.Xaml.Controls.Image">
      <RootProperty Name="DataContext" />
      <RootProperty Name="Source" />
      <RootProperty Name="VerticalAlignment" />
    </RootType>
    <RootType FullName="Windows.UI.Xaml.Controls.Primitives.ListViewItemPresenter">
      <RootProperty Name="CheckBrush" />
      <RootProperty Name="ContentMargin" />
      <RootProperty Name="CheckMode" />
      <RootProperty Name="ContentTransitions" />
      <RootProperty Name="CheckBoxBrush" />
      <RootProperty Name="DragForeground" />
      <RootProperty Name="DragOpacity" />
      <RootProperty Name="DragBackground" />
      <RootProperty Name="DisabledOpacity" />
      <RootProperty Name="FocusBorderBrush" />
      <RootProperty Name="FocusSecondaryBorderBrush" />
      <RootProperty Name="HorizontalContentAlignment" />
      <RootProperty Name="PointerOverForeground" />
      <RootProperty Name="PressedBackground" />
      <RootProperty Name="PlaceholderBackground" />
      <RootProperty Name="PointerOverBackground" />
      <RootProperty Name="ReorderHintOffset" />
      <RootProperty Name="SelectedPressedBackground" />
      <RootProperty Name="SelectionCheckMarkVisualEnabled" />
      <RootProperty Name="SelectedForeground" />
      <RootProperty Name="SelectedPointerOverBackground" />
      <RootProperty Name="SelectedBackground" />
      <RootProperty Name="VerticalContentAlignment" />
    </RootType>
    <RootType FullName="Windows.UI.Xaml.Controls.ListViewHeaderItem" />
    <RootType FullName="Xamarin.Forms.Platform.UWP.ListGroupHeaderPresenter" />
    <RootType FullName="Xamarin.Forms.Platform.UWP.CellControl">
      <RootProperty Name="IsGroupHeader" />
      <RootProperty Name="HorizontalContentAlignment" />
      <RootProperty Name="Height" />
    </RootType>
    <RootType FullName="Windows.UI.Xaml.Shapes.Path">
      <RootProperty Name="Data" />
      <RootProperty Name="Fill" />
      <RootProperty Name="Height" />
      <RootProperty Name="Stretch" />
      <RootProperty Name="Margin" />
      <RootProperty Name="Width" />
    </RootType>
    <RootType FullName="Xamarin.Forms.Platform.UWP.Resources" />
    <RootType FullName="Xamarin.Forms.Platform.UWP.FormsPivot" />
    <RootType FullName="Windows.UI.Xaml.Controls.Pivot">
      <RootProperty Name="HeaderTemplate" />
    </RootType>
    <RootType FullName="Windows.UI.Xaml.Controls.Primitives.PivotPanel">
      <RootProperty Name="VerticalAlignment" />
      <RootProperty Name="Children" />
    </RootType>
    <RootType FullName="Windows.UI.Xaml.Media.CompositeTransform" />
    <RootType FullName="Windows.UI.Xaml.Controls.ItemsPresenter">
      <RootProperty Name="RenderTransform" />
    </RootType>
    <RootType FullName="Windows.UI.Xaml.Media.TransformGroup">
      <RootProperty Name="Children" />
    </RootType>
    <RootType FullName="Windows.UI.Xaml.Controls.Primitives.PivotHeaderPanel">
      <RootProperty Name="Visibility" />
      <RootProperty Name="RenderTransform" />
    </RootType>
  </Roots.RootTypes>
</Roots>
